Data ,Normalized Data
25,8.65188e+121
65,2.24949e+122
89,3.08007e+122
36,1.24587e+122
55,1.90341e+122
28,9.69011e+121
98,3.39154e+122
